rail,source_schema,section_path,field,kind,data_type,allowed_values,pattern,required,description
OCEN 4.0,OTPBlock,OTPBlock,appToken,property,string,,,no,<token for auto-reading otp>
OCEN 4.0,OTPBlock,OTPBlock,otpSessionKey,property,string,,,no,
OCEN 4.0,OTPBlock,OTPBlock,maskedPhoneNumber,property,string,,,no,XXXXXXX775
OCEN 4.0,OTPBlock,OTPBlock,otp,property,number,,,no,856429
OCEN 4.0,OTPBlock,OTPBlock,status,property,string,SUCCESS|INVALID_SESSION|INCORRECT_OTP,,yes,
OCEN 4.0,OTPBlock,OTPBlock,url,property,string,,,no,
OCEN 4.0,OTPBlock,OTPBlock,extensibleData,property,object:extensibleData,,,no,
OCEN 4.0,accountdetails,accountdetails,id,property,string,,,no,
OCEN 4.0,accountdetails,accountdetails,description,property,string,,,no,
OCEN 4.0,accountdetails,accountdetails,status,property,string,ACTIVE|INACTIVE,,no,
OCEN 4.0,accountdetails,accountdetails,accountDataType,property,string,ACCOUNT|VPA,,yes,
OCEN 4.0,accountdetails,accountdetails,data,property,object:accountdetailsdata,,,yes,
OCEN 4.0,accountdetails,accountdetails,extensibleData,property,object:extensibleData,,,no,
OCEN 4.0,accountdetailsdata,accountdetailsdata,accountType,property,string,CURRENT|SAVING|OVERDRAFT,,no,
OCEN 4.0,accountdetailsdata,accountdetailsdata,accountIFSC,property,string,,,no,ICK000856
OCEN 4.0,accountdetailsdata,accountdetailsdata,accountNumber,property,string,,,no,11250789101486249090
OCEN 4.0,accountdetailsdata,accountdetailsdata,vpa,property,string,,,no,
OCEN 4.0,accountdetailsdata,accountdetailsdata,maskedAccountNumber,property,string,,,no,XXXXXXXXX9090
OCEN 4.0,ack,ack,error,property,string,,,yes,0
OCEN 4.0,ack,ack,traceId,property,string,,,yes,e8cc6822-d4bb-4eb1-9e1b-4996fbff8acb
OCEN 4.0,ack,ack,timestamp,property,string,,,yes,2018-12-06T11:39:57.153Z
OCEN 4.0,actionrequired,actionrequired,actionType,property,string,ADD_DOCUMENT|RESUBMIT_DOCUMENT|OTHER,,yes,
OCEN 4.0,actionrequired,actionrequired,description,property,string,,,yes,DL number not visible
OCEN 4.0,actionrequired,actionrequired,reference,property,object:reference,,,yes,
OCEN 4.0,actionrequired,actionrequired,url,property,string,,,no,
OCEN 4.0,actionrequired,actionrequired,extensibleData,property,object:extensibleData,,,no,
OCEN 4.0,additionalidentifier,additionalidentifier,key,property,string,,,yes,
OCEN 4.0,additionalidentifier,additionalidentifier,value,property,string,,,yes,AADHAAR
OCEN 4.0,additionalidentifier,additionalidentifier,url,property,string,,,no,
OCEN 4.0,additionalidentifier,additionalidentifier,extensibleData,property,object:extensibleData,,,no,
OCEN 4.0,address,address,hba,property,string,,,yes,<House/Building/Apartment>
OCEN 4.0,address,address,srl,property,string,,,yes,<Street/Road/Lane>
OCEN 4.0,address,address,landmark,property,string,,,no,
OCEN 4.0,address,address,als,property,string,,,no,<Area/Locality/Sector>
OCEN 4.0,address,address,vtc,property,string,,,no,<Village/Town/City>
OCEN 4.0,address,address,pinCode,property,string,,,yes,
OCEN 4.0,address,address,po,property,string,,,no,
OCEN 4.0,address,address,district,property,string,,,no,
OCEN 4.0,address,address,state,property,string,,,yes,
OCEN 4.0,address,address,country,property,string,,,yes,
OCEN 4.0,address,address,url,property,string,,,no,<digital address>
OCEN 4.0,address,address,latitude,property,string,,,no,
OCEN 4.0,address,address,longitude,property,string,,,no,
OCEN 4.0,address,address,extensibleData,property,object:extensibleData,,,no,
OCEN 4.0,applicant,applicant,primaryId,property,string,,,yes,<PAN NO.>
OCEN 4.0,applicant,applicant,primaryIdType,property,string,PAN|MOBILE|AADHAAR,,yes,
OCEN 4.0,applicant,applicant,additionalIdentifiers,property,array<additionalidentifier>,,,no,
OCEN 4.0,applicant,applicant,name,property,string,,,no,
OCEN 4.0,applicant,applicant,category,property,string,ORGANIZATION|INDIVIDUAL,,no,
OCEN 4.0,applicant,applicant,relationshipWithBorrower,property,string,,,no,
OCEN 4.0,applicant,applicant,contactDetails,property,array<contactdetails>,,,no,
OCEN 4.0,applicant,applicant,documents,property,array<document>,,,no,
OCEN 4.0,applicant,applicant,url,property,string,,,no,
OCEN 4.0,applicant,applicant,extensibleData,property,object:extensibleData,,,no,
OCEN 4.0,borrower,borrower,primaryId,property,string,,,yes,CPAA1234A
OCEN 4.0,borrower,borrower,primaryIdType,property,string,PAN|MOBILE|AADHAAR,,yes,
OCEN 4.0,borrower,borrower,additionalIdentifiers,property,array<additionalidentifier>,,,no,
OCEN 4.0,borrower,borrower,name,property,string,,,no,John doe
OCEN 4.0,borrower,borrower,category,property,string,ORGANIZATION|INDIVIDUAL,,yes,
OCEN 4.0,borrower,borrower,contactDetails,property,array<contactdetails>,,,yes,
OCEN 4.0,borrower,borrower,documents,property,array<document>,,,no,
OCEN 4.0,borrower,borrower,url,property,string,,,no,
OCEN 4.0,borrower,borrower,extensibleData,property,object:extensibleData,,,no,
OCEN 4.0,chargedetails,chargedetails,chargeType,property,string,FIXED_AMOUNT|RATE_BASED,,yes,
OCEN 4.0,chargedetails,chargedetails,data,property,object,,,yes,
OCEN 4.0,chargedetails,chargedetails,url,property,string,,,no,
OCEN 4.0,chargedetails,chargedetails,extensibleData,property,object:extensibleData,,,no,
OCEN 4.0,charges,charges,prepayment,property,object:chargedetails,,,no,
OCEN 4.0,charges,charges,bounce,property,object:chargedetails,,,no,
OCEN 4.0,charges,charges,latePayment,property,object:chargedetails,,,no,
OCEN 4.0,charges,charges,processing,property,object:chargedetails,,,no,
OCEN 4.0,chosenDisbursement,chosenDisbursement,plan,property,object:paymentplan,,,yes,
OCEN 4.0,chosenDisbursement,chosenDisbursement,accountDetails,property,object:accountdetails,,,no,
OCEN 4.0,chosenRepayment,chosenRepayment,plan,property,object:paymentplan,,,yes,
OCEN 4.0,chosenRepayment,chosenRepayment,method,property,object:paymentmethod,,,no,
OCEN 4.0,collateral,collateral,collateralPrimaryId,property,string,,,yes,INVOICE_<GSTIN>_<INVOICENUM>
OCEN 4.0,collateral,collateral,collateralPrimaryIdType,property,string,GST_INVOICE|VIN|<OTHER VALID REGISTRY>,,yes,
OCEN 4.0,collateral,collateral,additionalIdentifiers,property,array<additionalidentifier>,,,yes,
OCEN 4.0,collateral,collateral,valuation,property,object:valuation,,,no,
OCEN 4.0,collateral,collateral,parties,property,array<party>,,,yes,
OCEN 4.0,collateral,collateral,type,property,string,GST_INVOICE|VEHICLE|HOME,,yes,
OCEN 4.0,collateral,collateral,description,property,string,,,no,
OCEN 4.0,collateral,collateral,documents,property,array<document>,,,yes,
OCEN 4.0,collateral,collateral,url,property,string,,,no,
OCEN 4.0,collateral,collateral,extensibleData,property,object:extensibleData,,,no,
OCEN 4.0,consent,consent,consentFetchType,property,string,ONETIME|PERIODIC,,no,
OCEN 4.0,consent,consent,vua,property,string,,,no,user@aa.in
OCEN 4.0,consent,consent,description,property,string,,,no,
OCEN 4.0,consent,consent,isAggregationEnabled,property,boolean,,,no,True
OCEN 4.0,consent,consent,consentAggregationId,property,string,,,no,e8cc6822bd4bbb4eb1b9e1b4996fbff8acd
OCEN 4.0,consent,consent,lspInfo,property,object:lspinfo,,,no,
OCEN 4.0,consent,consent,consentHandle,property,string,,,no,
OCEN 4.0,consent,consent,consentStatus,property,string,READY|PENDING|FAILED,,no,
OCEN 4.0,consent,consent,url,property,string,,,no,
OCEN 4.0,consent,consent,extensibleData,property,object:extensibleData,,,no,
OCEN 4.0,contactdetails,contactdetails,type,property,string,PRIMARY|OTHER,,yes,
OCEN 4.0,contactdetails,contactdetails,desctiption,property,string,,,no,
OCEN 4.0,contactdetails,contactdetails,phone,property,string,,,yes,7777777777
OCEN 4.0,contactdetails,contactdetails,email,property,string,,,no,johndoe@defenterprises
OCEN 4.0,contactdetails,contactdetails,address,property,object:address,,,no,
OCEN 4.0,contactdetails,contactdetails,url,property,string,,,no,
OCEN 4.0,contactdetails,contactdetails,extensibleData,property,object:extensibleData,,,no,
OCEN 4.0,credBlock,credBlock,type,property,string,OTP,,yes,
OCEN 4.0,credBlock,credBlock,data,property,object:OTPBlock,,,yes,
OCEN 4.0,credBlock,credBlock,extensibleData,property,object:extensibleData,,,no,
OCEN 4.0,creditscoretype,creditscoretype,value,property,string,,,yes,
OCEN 4.0,creditscoretype,creditscoretype,source,property,string,LSP|PLATFORMS,,yes,
OCEN 4.0,creditscoretype,creditscoretype,sourceIdentifier,property,string,,,no,SWIGGY
OCEN 4.0,creditscoretype,creditscoretype,url,property,string,,,no,
OCEN 4.0,creditscoretype,creditscoretype,extensibleData,property,object:extensibleData,,,no,
OCEN 4.0,disbursement,disbursement,plans,property,array<paymentplan>,,,yes,
OCEN 4.0,disbursement,disbursement,accountDetails,property,array<accountdetails>,,,no,
OCEN 4.0,dispute,dispute,id,property,string,,,no,
OCEN 4.0,dispute,dispute,description,property,string,,,no,
OCEN 4.0,dispute,dispute,url,property,string,,,no,
OCEN 4.0,dispute,dispute,status,property,string,NEW|PROCESSING|NEED_MORE_INFO|RESOLVED|CLOSED,,no,
OCEN 4.0,dispute,dispute,extensibleData,property,object:extensibleData,,,no,
OCEN 4.0,document,document,source,property,string,GSTN|AA|FIP|FSR|FIU|USER,,yes,
OCEN 4.0,document,document,sourceIdentifier,property,string,,,yes,GSTN
OCEN 4.0,document,document,format,property,string,JSON|DOC|IMAGE|CSV|XML,,yes,
OCEN 4.0,document,document,reference,property,string,,,yes,docref12
OCEN 4.0,document,document,type,property,string,GST_PROFILE|GSTN_B2B_INVOICE|PAN|AADHAAR|DRIVING_LICENSE|PASSPORT|OTHER,,yes,
OCEN 4.0,document,document,isDataInline,property,boolean,,,yes,
OCEN 4.0,document,document,data,property,string,,,yes,eyJzdGpDZCI6IkFQMDAzIiwibGdubSI6Ik1TIENPUlBPUkFUSU9OIiwic3RqIjoiQkNQIEtPRElLT05EQSIsImR0eSI6IlJlZ3VsYXIiLCJjeGR0IjoiIiwi
OCEN 4.0,guarantor,guarantor,primaryId,property,string,,,yes,CPAA1234A
OCEN 4.0,guarantor,guarantor,primaryIdType,property,string,PAN|MOBILE|AADHAAR,,yes,
OCEN 4.0,guarantor,guarantor,description,property,string,,,no,
OCEN 4.0,guarantor,guarantor,additionalIdentifiers,property,array<additionalidentifier>,,,no,
OCEN 4.0,guarantor,guarantor,name,property,string,,,no,John doe
OCEN 4.0,guarantor,guarantor,relationshipWithBorrower,property,string,,,no,Father
OCEN 4.0,guarantor,guarantor,category,property,string,ORGANIZATION|INDIVIDUAL,,yes,
OCEN 4.0,guarantor,guarantor,contactDetails,property,array<contactdetails>,,,yes,
OCEN 4.0,guarantor,guarantor,documents,property,array<document>,,,yes,
OCEN 4.0,guarantor,guarantor,url,property,string,,,no,
OCEN 4.0,guarantor,guarantor,extensibleData,property,object:extensibleData,,,no,
OCEN 4.0,kyc,kyc,verificationStatus,property,string,SUCCESS|REJECTED|PENDING|ACTION_REQUIRED,,no,
OCEN 4.0,kyc,kyc,kycRefNo,property,string,,,no,
OCEN 4.0,kyc,kyc,url,property,string,,,no,
OCEN 4.0,kyc,kyc,initiateCKYC,property,boolean,,,no,
OCEN 4.0,kyc,kyc,individualKYC,property,object:kycdetails,,,no,
OCEN 4.0,kyc,kyc,entityKYC,property,object:kycdetails,,,no,
OCEN 4.0,kyc,kyc,extensibleData,property,object:extensibleData,,,no,
OCEN 4.0,kycdetails,kycdetails,kycRefNo,property,string,,,no,
OCEN 4.0,kycdetails,kycdetails,type,property,string,CKYC|UDYAM|OFFLINE_AADHAAR,,no,
OCEN 4.0,kycdetails,kycdetails,url,property,string,,,no,
OCEN 4.0,kycdetails,kycdetails,status,property,string,SUCCESS|REJECTED|PENDING|ACTION_REQUIRED,,no,
OCEN 4.0,kycdetails,kycdetails,description,property,string,,,no,
OCEN 4.0,kycdetails,kycdetails,udyamRegistrationNumber,property,string,,,no,
OCEN 4.0,kycdetails,kycdetails,businessType,property,string,MICRO|SMALL|MEDIUM,,no,
OCEN 4.0,kycdetails,kycdetails,businessCategory,property,string,SERVICE|MANUFACTURING,,no,
OCEN 4.0,kycdetails,kycdetails,businessName,property,string,,,no,
OCEN 4.0,kycdetails,kycdetails,businessAddress,property,,,,no,
OCEN 4.0,kycdetails,kycdetails,businessEmail,property,string,,,no,
OCEN 4.0,kycdetails,kycdetails,businessPhoneNumber,property,string,,,no,
OCEN 4.0,kycdetails,kycdetails,incorporationDate,property,string,,,no,
OCEN 4.0,kycdetails,kycdetails,businessCommencementDate,property,string,,,no,
OCEN 4.0,kycdetails,kycdetails,udyamRegistrationDate,property,string,,,no,
OCEN 4.0,kycdetails,kycdetails,extensibleData,property,object:extensibleData,,,no,
OCEN 4.0,kycdetails,kycdetails,fullName,property,string,,,no,
OCEN 4.0,kycdetails,kycdetails,dob,property,string,,,no,
OCEN 4.0,kycdetails,kycdetails,address,property,object:address,,,no,
OCEN 4.0,lender,lender,primaryId,property,,,,yes,AWWPA7645M
OCEN 4.0,lender,lender,primaryIdType,property,string,PAN|MOBILE|AADHAAR|FIU,,yes,
OCEN 4.0,lender,lender,additionalIdentifiers,property,array<additionalidentifier>,,,no,
OCEN 4.0,lender,lender,name,property,string,,,yes,ABC Bank
OCEN 4.0,lender,lender,category,property,string,ORGANIZATION|INDIVIDUAL,,yes,
OCEN 4.0,lender,lender,contactDetails,property,array<contactdetails>,,,yes,
OCEN 4.0,lender,lender,documents,property,array<document>,,,yes,
OCEN 4.0,lender,lender,url,property,string,,,no,
OCEN 4.0,lender,lender,extensibleData,property,object:extensibleData,,,no,
OCEN 4.0,loanAgreement,loanAgreement,type,property,string,TEXT|URL,,yes,
OCEN 4.0,loanAgreement,loanAgreement,data,property,string,,,yes,
OCEN 4.0,loanApplication,loanApplication,loanApplicationId,property,string,,,yes,x8cc6822bd4bbb4eb1b9e1b4996fbff8acb
OCEN 4.0,loanApplication,loanApplication,actionRequired,property,object:actionrequired,,,no,
OCEN 4.0,loanApplication,loanApplication,rejectionDetails,property,object:rejectiondetail,,,no,
OCEN 4.0,loanApplication,loanApplication,offers,property,object:offer,,,no,
OCEN 4.0,loanApplication,loanApplication,loanApplicationStatus,property,string,,,yes,OFFER_ACCEPTED / PROCESSING / OFFERED / GRANTED / REJECTED
OCEN 4.0,loanDetail,loanDetail,loanId,property,string,,,yes,ajaxbhbxijdxioj9snjnx
OCEN 4.0,loanDetail,loanDetail,terms,property,object:loanterms,,,yes,
OCEN 4.0,loanOffer,loanOffer,loanApplicationId,property,string,,,yes,
OCEN 4.0,loanOffer,loanOffer,rejectionDetails,property,array<rejectiondetail>,,,no,
OCEN 4.0,loanOffer,loanOffer,actionRequired,property,array<actionrequired>,,,no,
OCEN 4.0,loanOffer,loanOffer,offers,property,array<offer>,,,no,
OCEN 4.0,loanOffer,loanOffer,loanApplicationStatus,property,string,PROCESSING|OFFERED|OFFER_ACCEPTED|GRANTED|REJECTED|ACTION REQUIRED,,yes,
OCEN 4.0,loantenure,loantenure,duration,property,string,,,yes,
OCEN 4.0,loantenure,loantenure,unit,property,string,MONTH|DAY|YEAR,,yes,
OCEN 4.0,loanterms,loanterms,requestedAmount,property,string,,,yes,50000.00
OCEN 4.0,loanterms,loanterms,currency,property,string,,,yes,INR
OCEN 4.0,loanterms,loanterms,sanctionedAmount,property,string,,,no,5000.00
OCEN 4.0,loanterms,loanterms,interestType,property,string,FIXED|FLOATING,,no,
OCEN 4.0,loanterms,loanterms,interestRate,property,string,,,no,6.50
OCEN 4.0,loanterms,loanterms,totalAmount,property,string,,,no,
OCEN 4.0,loanterms,loanterms,interestAmount,property,string,,,no,
OCEN 4.0,loanterms,loanterms,description,property,string,,,no,
OCEN 4.0,loanterms,loanterms,tenure,property,object:loantenure,,,no,
OCEN 4.0,loanterms,loanterms,legalAgreement,property,object:loanAgreement,,,no,
OCEN 4.0,loanterms,loanterms,documents,property,array<document>,,,no,
OCEN 4.0,loanterms,loanterms,charges,property,object:charges,,,no,
OCEN 4.0,loanterms,loanterms,url,property,string,,,no,
OCEN 4.0,loanterms,loanterms,extensibleData,property,object:extensibleData,,,no,
OCEN 4.0,loantermshistory,loantermshistory,interest,property,string,,,yes,
OCEN 4.0,loantermshistory,loantermshistory,tenure,property,object:loantenure,,,yes,
OCEN 4.0,loantermshistory,loantermshistory,effectiveDate,property,string,,,yes,
OCEN 4.0,lspinfo,lspinfo,lspId,property,string,,,no,<AA can identify the LSP based on this>
OCEN 4.0,lspinfo,lspinfo,version,property,string,,,no,<version of LSP>
OCEN 4.0,lspinfo,lspinfo,appName,property,string,,,no,<Package name of the app>
OCEN 4.0,lspinfo,lspinfo,url,property,string,,,no,https://abc-bank.com
OCEN 4.0,lspinfo,lspinfo,extensibleData,property,object:extensibleData,,,no,
OCEN 4.0,metadata,metadata,version,property,string,,,yes,
OCEN 4.0,metadata,metadata,orgId,property,string,,,yes,
OCEN 4.0,metadata,metadata,timestamp,property,string,,,yes,
OCEN 4.0,metadata,metadata,traceId,property,string,,,yes,
OCEN 4.0,offer,offer,id,property,string,,,yes,e8cc6822bd4bbb4eb1b9e1b4996fbff8acb
OCEN 4.0,offer,offer,validTill,property,string,,,yes,
OCEN 4.0,offer,offer,terms,property,object:loanterms,,,yes,
OCEN 4.0,offer,offer,disbursement,property,object:disbursement,,,yes,
OCEN 4.0,offer,offer,repayment,property,object:repayment,,,yes,
OCEN 4.0,offer,offer,description,property,string,,,no,
OCEN 4.0,offer,offer,documents,property,array<document>,,,no,
OCEN 4.0,offer,offer,url,property,string,,,no,
OCEN 4.0,offer,offer,extensibleData,property,object:extensibleData,,,no,
OCEN 4.0,party,party,primaryId,property,string,,,yes,<PAN NO.>
OCEN 4.0,party,party,primaryIdType,property,string,PAN|MOBILE|AADHAAR|FIU,,yes,
OCEN 4.0,party,party,description,property,string,,,no,
OCEN 4.0,party,party,additionalIdentifiers,property,array<additionalidentifier>,,,no,
OCEN 4.0,party,party,name,property,string,,,yes,
OCEN 4.0,party,party,category,property,string,INDIVIDUAL|ORGANIZATION,,yes,
OCEN 4.0,party,party,relationshipWithCollateral,property,string,,,yes,
OCEN 4.0,party,party,contactDetails,property,array<contactdetails>,,,yes,
OCEN 4.0,party,party,documents,property,array<document>,,,yes,
OCEN 4.0,party,party,url,property,string,,,no,
OCEN 4.0,party,party,extensibleData,property,object:extensibleData,,,no,
OCEN 4.0,payment,payment,totalAmount,property,string,,,no,
OCEN 4.0,payment,payment,date,property,string,,,no,
OCEN 4.0,payment,payment,status,property,string,SUCCESS|FAILURE|PENDING_AUTH,,no,
OCEN 4.0,payment,payment,installmentNumber,property,string,,,no,
OCEN 4.0,payment,payment,txnRefNo,property,string,,,no,004618602124
OCEN 4.0,payment,payment,id,property,string,,,yes,e8cc6822bd4bbb4eb1b9e1b4996fbff8acb
OCEN 4.0,payment,payment,description,property,string,,,no,
OCEN 4.0,payment,payment,principal,property,string,,,no,
OCEN 4.0,payment,payment,interestAmount,property,string,,,no,
OCEN 4.0,payment,payment,fee,property,string,,,no,
OCEN 4.0,payment,payment,penalty,property,string,,,no,
OCEN 4.0,payment,payment,useSavedPaymentOption,property,boolean,,,no,False
OCEN 4.0,payment,payment,paymentMethodType,property,string,UPI|EMANDATE_UPI|NETBANKING|ENACH|DEBIT_CARD,,no,
OCEN 4.0,payment,payment,paymentUrl,property,string,,,no,https://abc-bank/payment
OCEN 4.0,payment,payment,url,property,string,,,no,
OCEN 4.0,payment,payment,extensibleData,property,object:extensibleData,,,no,
OCEN 4.0,paymentmethod,paymentmethod,id,property,string,,,yes,
OCEN 4.0,paymentmethod,paymentmethod,description,property,string,,,no,
OCEN 4.0,paymentmethod,paymentmethod,type,property,string,EMANDATE_UPI|ELIEN|ENACH|ANY,,no,
OCEN 4.0,paymentmethod,paymentmethod,status,property,string,INACTIVE|ACTIVE|CANCELLED|PAUSE,,yes,
OCEN 4.0,paymentmethod,paymentmethod,data,property,object:extensibleData,,,no,
OCEN 4.0,paymentmethod,paymentmethod,url,property,string,,,no,
OCEN 4.0,paymentmethod,paymentmethod,extensibleData,property,object:extensibleData,,,no,
OCEN 4.0,paymentplan,paymentplan,id,property,string,,,yes,
OCEN 4.0,paymentplan,paymentplan,title,property,string,,,no,
OCEN 4.0,paymentplan,paymentplan,shortDescription,property,string,,,no,
OCEN 4.0,paymentplan,paymentplan,description,property,string,,,no,
OCEN 4.0,paymentplan,paymentplan,paymentUrl,property,string,,,no,
OCEN 4.0,paymentplan,paymentplan,payNowAllowed,property,boolean,,,no,False
OCEN 4.0,paymentplan,paymentplan,editPlanAllowed,property,boolean,,,no,False
OCEN 4.0,paymentplan,paymentplan,changeMethodAllowed,property,boolean,,,no,False
OCEN 4.0,paymentplan,paymentplan,automatic,property,boolean,,,yes,False
OCEN 4.0,paymentplan,paymentplan,scheduleType,property,string,RECURRING|ONE_TIME|AS_PRESENTED,,yes,
OCEN 4.0,paymentplan,paymentplan,noOfInstallment,property,string,,,no,
OCEN 4.0,paymentplan,paymentplan,frequency,property,string,MONTHLY|WEEKLY|QUARTERLY|HALF_YEARLY|YEARLY,,no,
OCEN 4.0,paymentplan,paymentplan,tenure,property,object:loantenure,,,no,
OCEN 4.0,paymentplan,paymentplan,totalAmount,property,string,,,yes,
OCEN 4.0,paymentplan,paymentplan,principal,property,string,,,no,
OCEN 4.0,paymentplan,paymentplan,interestAmount,property,string,,,no,
OCEN 4.0,paymentplan,paymentplan,penalty,property,string,,,no,
OCEN 4.0,paymentplan,paymentplan,startDate,property,string,,,no,18-12-2020
OCEN 4.0,paymentplan,paymentplan,status,property,string,ACTIVE|INACTIVE|PENDING_AUTH,,no,
OCEN 4.0,paymentplan,paymentplan,url,property,string,,,no,
OCEN 4.0,paymentplan,paymentplan,extensibleData,property,object:extensibleData,,,no,
OCEN 4.0,reference,reference,object,property,string,,,yes,documents
OCEN 4.0,reference,reference,value,property,string,,,yes,INVOICE_GSTN_INV2011
OCEN 4.0,rejectiondetail,rejectiondetail,reason,property,string,LOW_CREDIT_SCORE|FRAUD|DOC_IRREGULARITIES|OTHERS,,yes,
OCEN 4.0,rejectiondetail,rejectiondetail,description,property,string,,,yes,Credit score below 600
OCEN 4.0,rejectiondetail,rejectiondetail,url,property,string,,,no,
OCEN 4.0,rejectiondetail,rejectiondetail,extensibleData,property,object:extensibleData,,,no,
OCEN 4.0,repayment,repayment,plans,property,array<paymentplan>,,,yes,
OCEN 4.0,response,response,error,property,string,,,yes,
OCEN 4.0,transaction,transaction,date,property,string,,,yes,
OCEN 4.0,transaction,transaction,narration,property,string,,,yes,
OCEN 4.0,transaction,transaction,txnRefNo,property,string,,,yes,
OCEN 4.0,transaction,transaction,amount,property,string,,,yes,
OCEN 4.0,transaction,transaction,type,property,string,DEPOSIT|WITHDRAWL,,yes,
OCEN 4.0,transaction,transaction,closingBalance,property,string,,,yes,
OCEN 4.0,transaction,transaction,url,property,string,,,no,
OCEN 4.0,transaction,transaction,extensibleData,property,object:extensibleData,,,no,
OCEN 4.0,valuation,valuation,value,property,string,,,no,20000
OCEN 4.0,valuation,valuation,currency,property,string,,,no,INR
OCEN 4.0,valuation,valuation,date,property,string,,,no,
OCEN 4.0,valuation,valuation,source,property,string,GSTN|OTHERS,,no,
OCEN 4.0,valuation,valuation,description,property,string,,,no,
OCEN 4.0,valuation,valuation,url,property,string,,,no,
OCEN 4.0,valuation,valuation,extensibleData,property,object:extensibleData,,,no,
